edge_after_start,time_ns_after_start,expected_pin,observed_pin
1,100,1,1
2,200,0,0
3,300,0,0
4,400,0,0
5,500,0,0
6,600,0,0
7,700,0,0
8,800,0,0
9,900,0,0
10,1000,1,1
11,1100,1,1
12,1200,1,1
13,1300,1,1
14,1400,1,1
15,1500,1,1
16,1600,1,1
17,1700,1,1
18,1800,0,0
19,1900,0,0
20,2000,0,0
21,2100,0,0
22,2200,0,0
23,2300,0,0
24,2400,0,0
25,2500,0,0
26,2600,0,0
27,2700,0,0
28,2800,0,0
29,2900,0,0
30,3000,0,0
31,3100,0,0
32,3200,0,0
33,3300,0,0
34,3400,0,0
35,3500,0,0
36,3600,0,0
37,3700,0,0
38,3800,0,0
39,3900,0,0
40,4000,0,0
41,4100,0,0
42,4200,0,0
43,4300,0,0
44,4400,0,0
45,4500,0,0
46,4600,0,0
47,4700,0,0
48,4800,0,0
49,4900,0,0
50,5000,0,0
51,5100,0,0
52,5200,0,0
53,5300,0,0
54,5400,0,0
55,5500,0,0
56,5600,0,0
57,5700,0,0
58,5800,1,1
59,5900,1,1
60,6000,1,1
61,6100,1,1
62,6200,1,1
63,6300,1,1
64,6400,1,1
65,6500,1,1
66,6600,0,0
67,6700,0,0
68,6800,0,0
69,6900,0,0
70,7000,0,0
71,7100,0,0
72,7200,0,0
73,7300,0,0
74,7400,1,1
75,7500,1,1
76,7600,1,1
77,7700,1,1
78,7800,1,1
79,7900,1,1
80,8000,1,1
81,8100,1,1
82,8200,1,1
